-- --------------------------------------------------------
-- Host:                         127.0.0.1
-- Server version:               10.11.7-MariaDB - mariadb.org binary distribution
-- Server OS:                    Win64
-- HeidiSQL Version:             12.6.0.6765
-- --------------------------------------------------------

/*!40101 SET @OLD_CHARACTER_SET_CLIENT=@@CHARACTER_SET_CLIENT */;
/*!40101 SET NAMES utf8 */;
/*!50503 SET NAMES utf8mb4 */;
/*!40103 SET @OLD_TIME_ZONE=@@TIME_ZONE */;
/*!40103 SET TIME_ZONE='+00:00' */;
/*!40014 SET @OLD_FOREIGN_KEY_CHECKS=@@FOREIGN_KEY_CHECKS, FOREIGN_KEY_CHECKS=0 */;
/*!40101 SET @OLD_SQL_MODE=@@SQL_MODE, SQL_MODE='NO_AUTO_VALUE_ON_ZERO' */;
/*!40111 SET @OLD_SQL_NOTES=@@SQL_NOTES, SQL_NOTES=0 */;


-- Dumping database structure for course_register_management
CREATE DATABASE IF NOT EXISTS `course_register_management` /*!40100 DEFAULT CHARACTER SET latin1 COLLATE latin1_swedish_ci */;
USE `course_register_management`;

-- Dumping structure for table course_register_management.classes
CREATE TABLE IF NOT EXISTS `classes` (
  `capacity` int(11) NOT NULL,
  `current` int(11) NOT NULL,
  `end_date` date DEFAULT NULL,
  `semester_id` int(11) DEFAULT NULL,
  `start_date` date DEFAULT NULL,
  `course_id` varchar(255) DEFAULT NULL,
  `id` varchar(255) NOT NULL,
  `lecturer_id` varchar(255) DEFAULT NULL,
  `name` varchar(255) CHARACTER SET utf8mb3 COLLATE utf8mb3_general_ci DEFAULT NULL,
  `theory` varchar(255) DEFAULT NULL,
  `status` enum('OPEN','CLOSE') DEFAULT NULL,
  `type` enum('THEORY','PRACTICE') DEFAULT NULL,
  PRIMARY KEY (`id`),
  KEY `FK9v6ijeybapa0ontdtd4o4rycs` (`course_id`),
  KEY `FKq766glta29j1wj99ncbwy18ob` (`lecturer_id`),
  KEY `FK8menn4iwjhqtjd5gq4bklkrj5` (`semester_id`),
  CONSTRAINT `FK8menn4iwjhqtjd5gq4bklkrj5` FOREIGN KEY (`semester_id`) REFERENCES `semesters` (`id`),
  CONSTRAINT `FK9v6ijeybapa0ontdtd4o4rycs` FOREIGN KEY (`course_id`) REFERENCES `courses` (`id`),
  CONSTRAINT `FKq766glta29j1wj99ncbwy18ob` FOREIGN KEY (`lecturer_id`) REFERENCES `lecturers` (`id`)
) ENGINE=InnoDB DEFAULT CHARSET=latin1 COLLATE=latin1_swedish_ci;

-- Dumping data for table course_register_management.classes: ~54 rows (approximately)
INSERT INTO `classes` (`capacity`, `current`, `end_date`, `semester_id`, `start_date`, `course_id`, `id`, `lecturer_id`, `name`, `theory`, `status`, `type`) VALUES
	(27, 0, '2024-09-13', 1, '2024-05-19', '22205945', '20175557', '27081185', 'DHKTPM17B.1', '25075531', 'OPEN', 'PRACTICE'),
	(27, 0, '2024-10-19', 1, '2024-05-19', '26829446', '20534635', '28352471', 'DHKTPM18A.2', '29715729', 'OPEN', 'PRACTICE'),
	(80, 0, '2024-09-19', 1, '2024-05-19', '24587512', '20538790', '24098071', 'DHKHMT18A', '', 'OPEN', 'THEORY'),
	(80, 0, '2024-09-19', 1, '2024-05-19', '24587512', '20925146', '24098071', 'DHKHMT18B', '', 'OPEN', 'THEORY'),
	(27, 0, '2024-10-19', 1, '2024-05-19', '25839173', '20937669', '20529890', 'DHTH19A.2', '22605995', 'OPEN', 'PRACTICE'),
	(27, 0, '2024-09-13', 1, '2024-05-19', '22205945', '21501503', '27081185', 'DHKTPM17C.1', '22369729', 'OPEN', 'PRACTICE'),
	(27, 0, '2024-10-19', 1, '2024-05-19', '26829446', '22277264', '28352471', 'DHKTPM18A.1', '29715729', 'OPEN', 'PRACTICE'),
	(80, 0, '2024-09-13', 1, '2024-05-19', '22205945', '22369729', '27081185', 'DHKTPM17C', '', 'OPEN', 'THEORY'),
	(79, 0, '2024-08-27', 1, '2024-05-19', '24222994', '22465372', '28352471', 'DHCNTT16A', '', 'OPEN', 'THEORY'),
	(80, 0, '2024-08-19', 1, '2024-05-19', '25839173', '22605995', '20529890', 'DHTH19A', '', 'OPEN', 'THEORY'),
	(27, 0, '2024-09-29', 1, '2024-05-19', '22438242', '22646013', '29699847', 'DHKHMT18A.1', '26840714', 'OPEN', 'PRACTICE'),
	(79, 0, '2024-08-29', 1, '2024-05-19', '22580833', '22675577', '28752591', 'DHKTPM17A', '', 'OPEN', 'THEORY'),
	(27, 0, '2024-09-20', 1, '2024-05-19', '24982482', '22687979', '24573791', 'DHTH19A.1', '25034259', 'OPEN', 'PRACTICE'),
	(27, 0, '2024-10-19', 1, '2024-05-19', '25839173', '23172621', '20529890', 'DHTH19A.1', '22605995', 'OPEN', 'PRACTICE'),
	(80, 0, '2024-09-13', 1, '2024-05-19', '22183162', '23480118', '22400359', 'DHKTPM17A', '', 'OPEN', 'THEORY'),
	(27, 0, '2024-09-13', 1, '2024-05-19', '22205945', '23528666', '27081185', 'DHKTPM17B.3', '25075531', 'OPEN', 'PRACTICE'),
	(80, 0, '2024-09-13', 1, '2024-05-19', '22205945', '23791030', '27081185', 'DHKTPM17A', '', 'OPEN', 'THEORY'),
	(79, 0, '2024-10-19', 1, '2024-05-19', '27075071', '24095794', '26340840', 'DHCNTT18A', '', 'OPEN', 'THEORY'),
	(27, 0, '2024-09-13', 1, '2024-05-19', '22205945', '24112793', '27081185', 'DHKTPM17A.1', '23791030', 'OPEN', 'PRACTICE'),
	(27, 0, '2024-09-13', 1, '2024-05-19', '22205945', '24339170', '27081185', 'DHKTPM17C.2', '22369729', 'OPEN', 'PRACTICE'),
	(79, 0, '2024-10-19', 1, '2024-05-19', '28294758', '24415515', '28145957', 'DHKTPM16A', '', 'OPEN', 'THEORY'),
	(27, 0, '2024-09-13', 1, '2024-05-19', '22205945', '24419390', '27081185', 'DHKTPM17C.3', '22369729', 'OPEN', 'PRACTICE'),
	(80, 0, '2024-09-13', 1, '2024-05-19', '20672252', '24421121', '27422599', 'DHKTPM17C', '', 'OPEN', 'THEORY'),
	(80, 0, '2024-09-13', 1, '2024-05-19', '22183162', '24673710', '22400359', 'DHKTPM17C', '', 'OPEN', 'THEORY'),
	(27, 0, '2024-10-19', 1, '2024-05-19', '28190889', '24878245', '27081185', 'DHKTPM18A.1', '28728535', 'OPEN', 'PRACTICE'),
	(80, 0, '2024-10-20', 1, '2024-05-19', '24982482', '25034259', '24573791', 'DHTH19A', '', 'OPEN', 'THEORY'),
	(80, 0, '2024-09-13', 1, '2024-05-19', '22205945', '25075531', '27081185', 'DHKTPM17B', '', 'OPEN', 'THEORY'),
	(80, 0, '2024-09-13', 1, '2024-05-19', '20672252', '25297644', '20529890', 'DHKTPM17B', '', 'OPEN', 'THEORY'),
	(27, 0, '2024-09-20', 1, '2024-05-19', '24982482', '25686003', '24573791', 'DHTH19A.2', '25034259', 'OPEN', 'PRACTICE'),
	(27, 0, '2024-10-28', 1, '2024-05-19', '24066124', '25725554', '28145957', 'DHKTPM16A.3', '29846888', 'OPEN', 'PRACTICE'),
	(27, 0, '2024-10-28', 1, '2024-05-19', '24066124', '26116507', '28145957', 'DHKTPM16A.2', '29846888', 'OPEN', 'PRACTICE'),
	(27, 0, '2024-10-19', 1, '2024-05-19', '27075071', '26268051', '26340840', 'DHCNTT18A.2', '24095794', 'OPEN', 'PRACTICE'),
	(79, 0, '2024-08-29', 1, '2024-05-19', '22580833', '26483341', '28752591', 'DHKTPM17B', '', 'OPEN', 'THEORY'),
	(27, 0, '2024-10-19', 1, '2024-05-19', '25839173', '26608084', '20529890', 'DHTH19A.3', '22605995', 'OPEN', 'PRACTICE'),
	(27, 0, '2024-09-13', 1, '2024-05-19', '22205945', '26656727', '27081185', 'DHKTPM17A.3', '23791030', 'OPEN', 'PRACTICE'),
	(27, 0, '2024-10-19', 1, '2024-05-19', '27075071', '26714507', '26340840', 'DHCNTT18A.1', '24095794', 'OPEN', 'PRACTICE'),
	(27, 0, '2024-09-13', 1, '2024-05-19', '22205945', '26752254', '27081185', 'DHKTPM17B.2', '25075531', 'OPEN', 'PRACTICE'),
	(80, 1, '2024-09-26', 1, '2024-05-19', '22438242', '26840714', '29699847', 'DHKHMT18A', '', 'OPEN', 'THEORY'),
	(80, 0, '2024-09-13', 1, '2024-05-19', '22183162', '27139533', '22400359', 'DHKTPM17B', '', 'OPEN', 'THEORY'),
	(27, 0, '2024-10-19', 1, '2024-05-19', '28294758', '27337463', '28145957', 'DHKTPM16A.3', '24415515', 'OPEN', 'PRACTICE'),
	(27, 0, '2024-09-29', 1, '2024-05-19', '22438242', '28272518', '29699847', 'DHKHMT18A.2', '26840714', 'OPEN', 'PRACTICE'),
	(26, 0, '2024-10-19', 1, '2024-05-19', '28190889', '28577190', '27081185', 'DHKTPM18A.3', '28728535', 'OPEN', 'PRACTICE'),
	(27, 0, '2024-09-13', 1, '2024-05-19', '22205945', '28587166', '27081185', 'DHKTPM17A.2', '23791030', 'OPEN', 'PRACTICE'),
	(80, 0, '2024-10-19', 1, '2024-05-19', '28190889', '28728535', '27081185', 'DHKTPM18A', '', 'OPEN', 'THEORY'),
	(80, 0, '2024-09-13', 1, '2024-05-19', '20672252', '28729848', '20529890', 'DHKTPM17C', '', 'OPEN', 'THEORY'),
	(27, 0, '2024-10-19', 1, '2024-05-19', '27075071', '29004125', '26340840', 'DHCNTT18A.3', '24095794', 'OPEN', 'PRACTICE'),
	(27, 0, '2024-10-19', 1, '2024-05-19', '28294758', '29349032', '28145957', 'DHKTPM16A.1', '24415515', 'OPEN', 'PRACTICE'),
	(26, 0, '2024-10-19', 1, '2024-05-19', '28190889', '29597780', '27081185', 'DHKTPM18A.2', '28728535', 'OPEN', 'PRACTICE'),
	(80, 0, '2024-10-19', 1, '2024-05-19', '27880772', '29643855', '21088407', 'DHKHMT18A', '', 'OPEN', 'THEORY'),
	(80, 0, '2024-10-19', 1, '2024-05-19', '26829446', '29715729', '28352471', 'DHKTPM18A', '', 'OPEN', 'THEORY'),
	(27, 0, '2024-10-19', 1, '2024-05-19', '28294758', '29741757', '28145957', 'DHKTPM16A.2', '24415515', 'OPEN', 'PRACTICE'),
	(27, 0, '2024-10-28', 1, '2024-05-19', '24066124', '29764642', '28145957', 'DHKTPM16A.1', '29846888', 'OPEN', 'PRACTICE'),
	(79, 0, '2024-10-28', 1, '2024-05-19', '24066124', '29846888', '28145957', 'DHKTPM16A', '', 'OPEN', 'THEORY'),
	(27, 0, '2024-10-19', 1, '2024-05-19', '26829446', '29918572', '28352471', 'DHKTPM18A.3', '29715729', 'OPEN', 'PRACTICE');

-- Dumping structure for table course_register_management.courses
CREATE TABLE IF NOT EXISTS `courses` (
  `credit` int(11) NOT NULL,
  `description` varchar(255) CHARACTER SET utf8mb3 COLLATE utf8mb3_general_ci DEFAULT NULL,
  `id` varchar(255) NOT NULL,
  `name` varchar(255) CHARACTER SET utf8mb3 COLLATE utf8mb3_general_ci DEFAULT NULL,
  `prerequisite` varchar(255) DEFAULT NULL,
  PRIMARY KEY (`id`)
) ENGINE=InnoDB DEFAULT CHARSET=latin1 COLLATE=latin1_swedish_ci;

-- Dumping data for table course_register_management.courses: ~15 rows (approximately)
INSERT INTO `courses` (`credit`, `description`, `id`, `name`, `prerequisite`) VALUES
	(3, 'học về xác xuất ', '20672252', 'Cấu trúc rời rạc', NULL),
	(4, 'Hiểu rõ và nắm vững các kiến thức về cấu trúc dữ liệu và giải thuật', '22183162', 'Cấu trúc dữ liệu và giải thuật', '25839173'),
	(4, 'Lập trình phân tán bằng ngôn ngữ lập trình Java', '22205945', 'Lập trình phân tán', '28190889'),
	(3, 'Học phân tích dử liệu bằng python', '22438242', 'Lập trình phân tích dữ liệu 1', NULL),
	(3, 'Hiểu rõ và nắm các kiến thức cơ bản về tổng quan phần mềm', '22580833', 'Công nghệ phần mềm', NULL),
	(4, 'Hiểu rõ và nắm cơ bản về các kiến trúc phần mềm hiện nay', '24066124', 'Kiến trúc và thiết kế phần mềm', '22580833'),
	(3, 'Học cách tạo ra 1 trang web bằng wordpress, và các luận trong thương mại điện tử', '24222994', 'Thương mại điện tử', NULL),
	(3, 'Hiểu rõ và nắm cơ bản các thuật toán trong đồ thị', '24587512', 'Lý thuyết đồ thị', '20672252'),
	(4, 'Hiểu rõ và nắm vững các kiến thức về máy tính như hệ điều hành, phần cứng', '24982482', 'Hệ thống máy tính', NULL),
	(3, 'Làm quen với việc code sử dụng ngôn ngữ C', '25839173', 'Nhập môn Lập trình', NULL),
	(3, 'Hiểu rõ và nắm vững các kiến thức về cơ sở dữ liệu', '26829446', 'Hệ cơ sở dữ liệu', NULL),
	(3, 'Tạo ra các trang web cơ bản bằng HTML,CSS,JS', '27075071', '	 Hệ Thống và Công nghệ Web', NULL),
	(3, 'Hiểu rõ và nắm vững các kiến thức về mạng', '27880772', 'Mạng máy tính', '24982482'),
	(3, 'Lập trình cơ bản với ngôn ngữ lập trình C', '28190889', 'Kỹ thuật lập trình', NULL),
	(4, 'Lập trình website bằng ngôn ngữ lập trình Java', '28294758', 'Lập trình WWW', '22205945');

-- Dumping structure for table course_register_management.departments
CREATE TABLE IF NOT EXISTS `departments` (
  `id` varchar(255) NOT NULL,
  `name` varchar(255) CHARACTER SET utf8mb3 COLLATE utf8mb3_general_ci DEFAULT NULL,
  PRIMARY KEY (`id`)
) ENGINE=InnoDB DEFAULT CHARSET=latin1 COLLATE=latin1_swedish_ci;

-- Dumping data for table course_register_management.departments: ~5 rows (approximately)
INSERT INTO `departments` (`id`, `name`) VALUES
	('1', 'Công nghệ thông tin'),
	('2', 'Quản trị kinh doanh'),
	('3', 'Kinh doanh quốc tế'),
	('4', 'Công nghệ may'),
	('5', 'Công nghệ thực phẩm');

-- Dumping structure for table course_register_management.enrollments
CREATE TABLE IF NOT EXISTS `enrollments` (
  `created_at` date DEFAULT NULL,
  `class_id` varchar(255) NOT NULL,
  `student_id` varchar(255) NOT NULL,
  PRIMARY KEY (`class_id`,`student_id`),
  KEY `FK8kf1u1857xgo56xbfmnif2c51` (`student_id`),
  CONSTRAINT `FK8kf1u1857xgo56xbfmnif2c51` FOREIGN KEY (`student_id`) REFERENCES `students` (`id`),
  CONSTRAINT `FKloh1q3o1ua6yuw9mwqdvhc54u` FOREIGN KEY (`class_id`) REFERENCES `classes` (`id`)
) ENGINE=InnoDB DEFAULT CHARSET=latin1 COLLATE=latin1_swedish_ci;

-- Dumping data for table course_register_management.enrollments: ~1 rows (approximately)
INSERT INTO `enrollments` (`created_at`, `class_id`, `student_id`) VALUES
	('2024-05-19', '26840714', '21212328');

-- Dumping structure for table course_register_management.lecturers
CREATE TABLE IF NOT EXISTS `lecturers` (
  `admin` bit(1) NOT NULL,
  `date_of_birth` date DEFAULT NULL,
  `department_id` varchar(255) NOT NULL,
  `email` varchar(255) DEFAULT NULL,
  `full_name` varchar(255) CHARACTER SET utf8mb3 COLLATE utf8mb3_general_ci DEFAULT NULL,
  `id` varchar(255) NOT NULL,
  `password` varchar(255) DEFAULT NULL,
  `phone` varchar(255) DEFAULT NULL,
  `username` varchar(255) DEFAULT NULL,
  `gender` enum('MALE','FEMALE') DEFAULT NULL,
  PRIMARY KEY (`id`),
  KEY `FKpowy6g9rglsdytsdu6c9fymox` (`department_id`),
  CONSTRAINT `FKpowy6g9rglsdytsdu6c9fymox` FOREIGN KEY (`department_id`) REFERENCES `departments` (`id`)
) ENGINE=InnoDB DEFAULT CHARSET=latin1 COLLATE=latin1_swedish_ci;

-- Dumping data for table course_register_management.lecturers: ~12 rows (approximately)
INSERT INTO `lecturers` (`admin`, `date_of_birth`, `department_id`, `email`, `full_name`, `id`, `password`, `phone`, `username`, `gender`) VALUES
	(b'0', '1970-04-28', '1', 'hoangnguyen@gmail.com', 'Nguyễn Văn Thắng', '20529890', 'MjA1Mjk4OTA=', '0123456789', '20529890', 'MALE'),
	(b'0', '1999-05-19', '1', 'dangthithuha@gmail.com', 'Châu Thị Bảo Hà', '21088407', 'MjEwODg0MDc=', '0976474173', '21088407', 'FEMALE'),
	(b'0', '1977-09-12', '1', 'hoangkhanhiuh@gmail.com', 'Nguyễn Thị Hoàng Khánh', '22400359', 'MjI0MDAzNTk=', '0978654213', '22400359', 'FEMALE'),
	(b'0', '1997-05-19', '1', 'conguyetnaduongvuland@gmail.com', 'Trần Văn Vinh', '24098071', 'MjQwOTgwNzE=', '0976474171', '24098071', 'MALE'),
	(b'0', '1999-05-19', '1', 'tieutuong257d@gmail.com', 'Lê Thị Thủy', '24573791', 'MjQ1NzM3OTE=', '0902119803', '24573791', 'MALE'),
	(b'0', '1999-05-19', '1', 'dangthithuhaiuh@gmail.com', 'Đặng Thị Thu Hà', '26340840', 'MjYzNDA4NDA=', '0976474172', '26340840', 'MALE'),
	(b'0', '1980-04-28', '1', 'trung123@gmail.com', 'Trần Thế Trung', '27081185', 'MjcwODExODU=', '0123456798', '27081185', 'MALE'),
	(b'0', '1972-10-05', '1', 'huutinhiuh@gmail.com', 'Nguyễn Hữu Tình', '27422599', 'Mjc0MjI1OTk=', '0907124356', '27422599', 'MALE'),
	(b'1', '1970-05-06', '1', 'vovanhaiuh@gmail.com', 'Võ Văn Hải', '28145957', 'MjgxNDU5NTc=', '0345167899', '28145957', 'MALE'),
	(b'0', '1975-05-10', '1', 'dungngoiuh@gmail.com', 'Ngô Hữu Dũng', '28352471', 'MjgzNTI0NzE=', '0324786712', '28352471', 'MALE'),
	(b'0', '1989-04-28', '1', 'hoangngocnguyen2021@gmail.com', 'Nguyễn Thị Hạnh', '28752591', 'Mjg3NTI1OTE=', '0912345678', '28752591', 'MALE'),
	(b'0', '1990-05-19', '1', 'letrongngoc@gmail.com', 'Lê Trọng Ngọc', '29699847', 'Mjk2OTk4NDc=', '0976474170', '29699847', 'MALE');

-- Dumping structure for table course_register_management.schedules
CREATE TABLE IF NOT EXISTS `schedules` (
  `id` int(11) NOT NULL AUTO_INCREMENT,
  `time` date DEFAULT NULL,
  `class_id` varchar(255) DEFAULT NULL,
  `name` enum('MORNING','AFTERNOON','EVENING') DEFAULT NULL,
  `room` enum('H201','H202','H301','H302','H401','H402') DEFAULT NULL,
  PRIMARY KEY (`id`),
  KEY `FKe9px6t0yucpeap743s7dvjnr1` (`class_id`),
  CONSTRAINT `FKe9px6t0yucpeap743s7dvjnr1` FOREIGN KEY (`class_id`) REFERENCES `classes` (`id`)
) ENGINE=InnoDB AUTO_INCREMENT=523 DEFAULT CHARSET=latin1 COLLATE=latin1_swedish_ci;

-- Dumping data for table course_register_management.schedules: ~251 rows (approximately)
INSERT INTO `schedules` (`id`, `time`, `class_id`, `name`, `room`) VALUES
	(14, '2024-05-19', '20175557', 'MORNING', 'H201'),
	(15, '2024-05-19', '20534635', 'MORNING', 'H301'),
	(16, '2024-05-19', '20538790', 'AFTERNOON', 'H201'),
	(17, '2024-05-19', '20925146', 'AFTERNOON', 'H202'),
	(18, '2024-05-19', '20937669', 'AFTERNOON', 'H202'),
	(19, '2024-05-19', '21501503', 'AFTERNOON', 'H202'),
	(20, '2024-05-19', '22277264', 'EVENING', 'H301'),
	(21, '2024-05-19', '22369729', 'EVENING', 'H301'),
	(22, '2024-05-19', '22465372', 'EVENING', 'H301'),
	(23, '2024-05-19', '22605995', 'MORNING', 'H302'),
	(24, '2024-05-19', '22646013', 'MORNING', 'H302'),
	(25, '2024-05-19', '22675577', 'MORNING', 'H302'),
	(26, '2024-05-19', '22687979', 'AFTERNOON', 'H302'),
	(27, '2024-05-19', '23172621', 'AFTERNOON', 'H401'),
	(28, '2024-05-19', '23480118', 'EVENING', 'H401'),
	(29, '2024-05-19', '23528666', 'AFTERNOON', 'H401'),
	(30, '2024-05-19', '23791030', 'MORNING', 'H302'),
	(31, '2024-05-19', '24095794', 'AFTERNOON', 'H401'),
	(32, '2024-05-19', '24112793', 'EVENING', 'H402'),
	(33, '2024-05-19', '24339170', 'EVENING', 'H202'),
	(34, '2024-05-19', '24415515', 'MORNING', 'H301'),
	(35, '2024-05-19', '24419390', 'MORNING', 'H302'),
	(36, '2024-05-19', '24421121', 'MORNING', 'H301'),
	(37, '2024-05-19', '24673710', 'MORNING', 'H301'),
	(38, '2024-05-19', '24878245', 'AFTERNOON', 'H202'),
	(39, '2024-05-19', '25034259', 'EVENING', 'H202'),
	(40, '2024-05-19', '25075531', 'MORNING', 'H202'),
	(41, '2024-05-21', '22369729', 'AFTERNOON', 'H202'),
	(42, '2024-05-19', '25297644', 'MORNING', 'H201'),
	(43, '2024-05-19', '29918572', 'AFTERNOON', 'H301'),
	(44, '2024-05-19', '29846888', 'AFTERNOON', 'H301'),
	(45, '2024-05-19', '29764642', 'EVENING', 'H302'),
	(46, '2024-05-19', '29741757', 'AFTERNOON', 'H302'),
	(47, '2024-05-19', '29715729', 'AFTERNOON', 'H301'),
	(48, '2024-05-19', '29643855', 'EVENING', 'H202'),
	(49, '2024-05-19', '29643855', 'MORNING', 'H302'),
	(50, '2024-05-19', '29597780', 'MORNING', 'H302'),
	(51, '2024-05-19', '29349032', 'MORNING', 'H302'),
	(52, '2024-05-19', '29004125', 'EVENING', 'H202'),
	(53, '2024-05-19', '28729848', 'MORNING', 'H202'),
	(54, '2024-05-19', '28728535', 'EVENING', 'H401'),
	(55, '2024-05-19', '28587166', 'MORNING', 'H202'),
	(56, '2024-05-19', '28577190', 'MORNING', 'H301'),
	(57, '2024-05-19', '28272518', 'AFTERNOON', 'H302'),
	(58, '2024-05-19', '27337463', 'AFTERNOON', 'H302'),
	(59, '2024-05-19', '27139533', 'MORNING', 'H402'),
	(60, '2024-05-19', '26840714', 'EVENING', 'H302'),
	(61, '2024-05-19', '26752254', 'MORNING', 'H301'),
	(62, '2024-05-19', '26714507', 'EVENING', 'H301'),
	(63, '2024-05-19', '26656727', 'AFTERNOON', 'H402'),
	(64, '2024-05-19', '26608084', 'EVENING', 'H402'),
	(65, '2024-05-19', '26483341', 'AFTERNOON', 'H302'),
	(66, '2024-05-19', '26268051', 'AFTERNOON', 'H301'),
	(67, '2024-05-19', '26116507', 'EVENING', 'H301'),
	(68, '2024-06-01', '20175557', 'MORNING', 'H201'),
	(69, '2024-06-08', '20175557', 'MORNING', 'H201'),
	(70, '2024-06-15', '20175557', 'MORNING', 'H201'),
	(71, '2024-06-22', '20175557', 'MORNING', 'H201'),
	(72, '2024-06-29', '20175557', 'MORNING', 'H201'),
	(73, '2024-07-06', '20175557', 'MORNING', 'H201'),
	(74, '2024-07-13', '20175557', 'MORNING', 'H201'),
	(75, '2024-07-20', '20175557', 'MORNING', 'H201'),
	(76, '2024-07-27', '20175557', 'MORNING', 'H201'),
	(77, '2024-05-27', '20534635', 'MORNING', 'H202'),
	(78, '2024-06-04', '20534635', 'MORNING', 'H202'),
	(79, '2024-06-11', '20534635', 'MORNING', 'H202'),
	(80, '2024-06-18', '20534635', 'MORNING', 'H202'),
	(81, '2024-06-25', '20175557', 'MORNING', 'H202'),
	(82, '2024-07-02', '20534635', 'MORNING', 'H202'),
	(83, '2024-07-09', '20534635', 'MORNING', 'H202'),
	(84, '2024-07-16', '20534635', 'MORNING', 'H202'),
	(85, '2024-07-23', '20534635', 'MORNING', 'H202'),
	(86, '2024-07-30', '20534635', 'MORNING', 'H202'),
	(87, '2024-05-29', '20538790', 'AFTERNOON', 'H301'),
	(88, '2024-06-06', '20538790', 'AFTERNOON', 'H301'),
	(89, '2024-06-12', '20538790', 'AFTERNOON', 'H301'),
	(90, '2024-06-19', '20538790', 'AFTERNOON', 'H301'),
	(91, '2024-06-26', '20538790', 'AFTERNOON', 'H301'),
	(92, '2024-07-03', '20538790', 'AFTERNOON', 'H301'),
	(93, '2024-07-10', '20538790', 'EVENING', 'H301'),
	(94, '2024-07-17', '20538790', 'EVENING', 'H301'),
	(95, '2024-05-30', '20925146', 'AFTERNOON', 'H302'),
	(96, '2024-06-06', '20925146', 'AFTERNOON', 'H302'),
	(97, '2024-06-13', '20925146', 'AFTERNOON', 'H302'),
	(98, '2024-06-20', '20925146', 'EVENING', 'H302'),
	(99, '2024-07-04', '20925146', 'AFTERNOON', 'H302'),
	(100, '2024-07-11', '20925146', 'AFTERNOON', 'H302'),
	(101, '2024-07-24', '20937669', 'EVENING', 'H401'),
	(102, '2024-05-31', '20937669', 'EVENING', 'H401'),
	(103, '2024-06-07', '20937669', 'AFTERNOON', 'H401'),
	(104, '2024-06-14', '20937669', 'EVENING', 'H402'),
	(105, '2024-06-21', '20937669', 'AFTERNOON', 'H402'),
	(106, '2024-06-28', '20937669', 'EVENING', 'H402'),
	(107, '2024-07-05', '20937669', 'AFTERNOON', 'H402'),
	(108, '2024-07-12', '20937669', 'EVENING', 'H402'),
	(109, '2024-07-19', '20937669', 'EVENING', 'H402'),
	(110, '2024-07-26', '20937669', 'AFTERNOON', 'H401'),
	(111, '2024-05-27', '21501503', 'AFTERNOON', 'H201'),
	(112, '2024-06-03', '21501503', 'AFTERNOON', 'H201'),
	(113, '2024-06-10', '21501503', 'AFTERNOON', 'H201'),
	(114, '2024-06-17', '21501503', 'MORNING', 'H202'),
	(115, '2024-06-24', '21501503', 'AFTERNOON', 'H402'),
	(116, '2024-07-01', '21501503', 'AFTERNOON', 'H202'),
	(117, '2024-07-08', '21501503', 'AFTERNOON', 'H201'),
	(118, '2024-07-15', '21501503', 'AFTERNOON', 'H202'),
	(119, '2024-07-22', '21501503', 'EVENING', 'H201'),
	(120, '2024-07-29', '21501503', 'AFTERNOON', 'H201'),
	(121, '2024-05-28', '22277264', 'AFTERNOON', 'H202'),
	(122, '2024-06-04', '22277264', 'AFTERNOON', 'H202'),
	(123, '2024-06-11', '22277264', 'AFTERNOON', 'H301'),
	(124, '2024-06-18', '22277264', 'AFTERNOON', 'H402'),
	(125, '2024-06-25', '22277264', 'EVENING', 'H302'),
	(126, '2024-07-02', '22277264', 'AFTERNOON', 'H401'),
	(127, '2024-07-09', '22277264', 'EVENING', 'H302'),
	(128, '2024-07-16', '22277264', 'EVENING', 'H302'),
	(129, '2024-07-23', '22277264', 'EVENING', 'H302'),
	(130, '2024-07-30', '22277264', 'AFTERNOON', 'H401'),
	(131, '2024-05-31', '22369729', 'AFTERNOON', 'H302'),
	(132, '2024-06-07', '22369729', 'AFTERNOON', 'H302'),
	(133, '2024-06-14', '22369729', 'AFTERNOON', 'H302'),
	(134, '2024-06-21', '22369729', 'AFTERNOON', 'H302'),
	(135, '2024-06-28', '22369729', 'AFTERNOON', 'H302'),
	(136, '2024-07-05', '22369729', 'AFTERNOON', 'H302'),
	(137, '2024-07-12', '22369729', 'AFTERNOON', 'H302'),
	(138, '2024-07-19', '22369729', 'AFTERNOON', 'H302'),
	(139, '2024-07-26', '22369729', 'AFTERNOON', 'H302'),
	(140, '2024-05-27', '22465372', 'MORNING', 'H401'),
	(141, '2024-06-03', '22465372', 'MORNING', 'H401'),
	(142, '2024-06-10', '22465372', 'MORNING', 'H401'),
	(143, '2024-06-17', '22465372', 'MORNING', 'H401'),
	(144, '2024-06-24', '22465372', 'MORNING', 'H401'),
	(145, '2024-07-01', '22465372', 'MORNING', 'H401'),
	(146, '2024-07-08', '22465372', 'MORNING', 'H401'),
	(147, '2024-07-15', '22465372', 'MORNING', 'H401'),
	(148, '2024-07-22', '22465372', 'MORNING', 'H401'),
	(149, '2024-07-29', '22465372', 'MORNING', 'H401'),
	(150, '2024-05-26', '22605995', 'EVENING', 'H402'),
	(151, '2024-06-02', '22605995', 'EVENING', 'H402'),
	(152, '2024-06-09', '22605995', 'EVENING', 'H402'),
	(153, '2024-06-16', '22605995', 'EVENING', 'H402'),
	(154, '2024-06-23', '22605995', 'EVENING', 'H402'),
	(155, '2024-06-30', '22605995', 'EVENING', 'H402'),
	(156, '2024-07-07', '22605995', 'EVENING', 'H402'),
	(157, '2024-07-14', '22605995', 'EVENING', 'H402'),
	(158, '2024-07-21', '22605995', 'EVENING', 'H402'),
	(159, '2024-07-28', '22605995', 'EVENING', 'H402'),
	(160, '2024-05-29', '22646013', 'MORNING', 'H202'),
	(161, '2024-06-05', '22646013', 'MORNING', 'H202'),
	(162, '2024-06-12', '22646013', 'MORNING', 'H202'),
	(163, '2024-06-19', '22646013', 'MORNING', 'H202'),
	(164, '2024-06-26', '22646013', 'MORNING', 'H202'),
	(165, '2024-07-03', '22646013', 'MORNING', 'H202'),
	(166, '2024-07-10', '22646013', 'MORNING', 'H202'),
	(167, '2024-07-17', '22646013', 'MORNING', 'H202'),
	(168, '2024-07-24', '22646013', 'MORNING', 'H202'),
	(169, '2024-07-31', '22646013', 'MORNING', 'H202'),
	(170, '2024-05-30', '22675577', 'AFTERNOON', 'H302'),
	(171, '2024-06-06', '22675577', 'AFTERNOON', 'H302'),
	(172, '2024-06-13', '22675577', 'AFTERNOON', 'H302'),
	(173, '2024-06-20', '22675577', 'AFTERNOON', 'H302'),
	(174, '2024-06-27', '22675577', 'AFTERNOON', 'H302'),
	(175, '2024-07-04', '22675577', 'AFTERNOON', 'H302'),
	(176, '2024-07-11', '22675577', 'AFTERNOON', 'H302'),
	(177, '2024-07-18', '22675577', 'AFTERNOON', 'H302'),
	(178, '2024-07-25', '22675577', 'AFTERNOON', 'H302'),
	(179, '2024-05-31', '22687979', 'MORNING', 'H302'),
	(180, '2024-06-07', '22687979', 'MORNING', 'H302'),
	(181, '2024-06-14', '22687979', 'MORNING', 'H302'),
	(182, '2024-06-21', '22687979', 'MORNING', 'H302'),
	(183, '2024-06-28', '22687979', 'MORNING', 'H302'),
	(184, '2024-07-05', '22687979', 'MORNING', 'H302'),
	(185, '2024-07-12', '22687979', 'MORNING', 'H302'),
	(186, '2024-07-19', '22687979', 'MORNING', 'H302'),
	(187, '2024-07-26', '22687979', 'MORNING', 'H302'),
	(188, '2024-05-28', '23172621', 'EVENING', 'H401'),
	(189, '2024-06-04', '23172621', 'EVENING', 'H401'),
	(190, '2024-06-11', '23172621', 'EVENING', 'H401'),
	(191, '2024-06-18', '23172621', 'EVENING', 'H401'),
	(192, '2024-06-25', '23172621', 'EVENING', 'H401'),
	(193, '2024-07-02', '23172621', 'EVENING', 'H401'),
	(194, '2024-07-09', '23172621', 'EVENING', 'H401'),
	(195, '2024-07-16', '23172621', 'EVENING', 'H401'),
	(196, '2024-07-23', '23172621', 'EVENING', 'H401'),
	(197, '2024-07-30', '23172621', 'EVENING', 'H401'),
	(198, '2024-05-29', '23172621', 'MORNING', 'H401'),
	(199, '2024-06-05', '23172621', 'MORNING', 'H201'),
	(200, '2024-06-12', '23172621', 'MORNING', 'H201'),
	(201, '2024-06-19', '23172621', 'MORNING', 'H201'),
	(202, '2024-06-26', '23172621', 'MORNING', 'H201'),
	(203, '2024-07-03', '23172621', 'MORNING', 'H201'),
	(204, '2024-07-10', '23172621', 'MORNING', 'H201'),
	(205, '2024-07-17', '23172621', 'MORNING', 'H201'),
	(206, '2024-07-24', '23172621', 'MORNING', 'H201'),
	(207, '2024-07-31', '23172621', 'MORNING', 'H201'),
	(208, '2024-05-30', '23480118', 'AFTERNOON', 'H301'),
	(209, '2024-06-07', '23480118', 'AFTERNOON', 'H301'),
	(210, '2024-06-14', '23480118', 'AFTERNOON', 'H301'),
	(211, '2024-06-21', '23480118', 'AFTERNOON', 'H301'),
	(212, '2024-06-28', '23480118', 'AFTERNOON', 'H301'),
	(213, '2024-07-05', '23480118', 'AFTERNOON', 'H301'),
	(214, '2024-07-12', '23480118', 'AFTERNOON', 'H301'),
	(215, '2024-07-19', '23480118', 'AFTERNOON', 'H301'),
	(216, '2024-07-26', '23480118', 'AFTERNOON', 'H301'),
	(217, '2024-05-27', '23528666', 'EVENING', 'H302'),
	(218, '2024-06-03', '23528666', 'EVENING', 'H302'),
	(219, '2024-06-10', '23528666', 'EVENING', 'H302'),
	(220, '2024-06-17', '23528666', 'EVENING', 'H302'),
	(221, '2024-06-24', '23528666', 'EVENING', 'H302'),
	(222, '2024-07-01', '23528666', 'EVENING', 'H302'),
	(223, '2024-07-08', '23528666', 'EVENING', 'H302'),
	(224, '2024-07-15', '23528666', 'EVENING', 'H302'),
	(225, '2024-07-22', '23528666', 'EVENING', 'H302'),
	(226, '2024-07-29', '23528666', 'EVENING', 'H302'),
	(227, '2024-05-29', '23791030', 'MORNING', 'H401'),
	(228, '2024-06-05', '23791030', 'MORNING', 'H401'),
	(229, '2024-06-12', '23791030', 'MORNING', 'H401'),
	(230, '2024-06-19', '23791030', 'MORNING', 'H401'),
	(231, '2024-06-26', '23791030', 'MORNING', 'H401'),
	(232, '2024-07-03', '23791030', 'MORNING', 'H401'),
	(233, '2024-07-10', '23791030', 'MORNING', 'H401'),
	(234, '2024-07-17', '23791030', 'MORNING', 'H401'),
	(235, '2024-07-24', '23791030', 'MORNING', 'H401'),
	(236, '2024-07-31', '23791030', 'MORNING', 'H401'),
	(237, '2024-05-30', '24095794', 'EVENING', 'H202'),
	(238, '2024-06-06', '24095794', 'EVENING', 'H202'),
	(239, '2024-06-13', '24095794', 'EVENING', 'H202'),
	(240, '2024-06-20', '24095794', 'EVENING', 'H202'),
	(241, '2024-06-27', '24095794', 'EVENING', 'H202'),
	(242, '2024-07-04', '24095794', 'EVENING', 'H202'),
	(243, '2024-07-11', '24095794', 'EVENING', 'H202'),
	(244, '2024-07-18', '24095794', 'EVENING', 'H202'),
	(245, '2024-07-25', '24095794', 'EVENING', 'H202'),
	(246, '2024-05-28', '24112793', 'MORNING', 'H302'),
	(247, '2024-06-04', '24112793', 'MORNING', 'H302'),
	(248, '2024-06-11', '24112793', 'MORNING', 'H302'),
	(249, '2024-06-18', '24112793', 'MORNING', 'H302'),
	(250, '2024-06-25', '24112793', 'MORNING', 'H302'),
	(251, '2024-07-03', '24112793', 'MORNING', 'H302'),
	(252, '2024-07-10', '24112793', 'MORNING', 'H302'),
	(253, '2024-07-17', '24112793', 'MORNING', 'H302'),
	(254, '2024-07-24', '24112793', 'MORNING', 'H302'),
	(255, '2024-07-31', '24112793', 'MORNING', 'H302'),
	(256, '2024-06-05', '24415515', 'EVENING', 'H301'),
	(257, '2024-06-12', '24415515', 'EVENING', 'H301'),
	(258, '2024-06-19', '24415515', 'EVENING', 'H301'),
	(259, '2024-06-26', '24415515', 'EVENING', 'H301'),
	(260, '2024-07-03', '24415515', 'EVENING', 'H301'),
	(261, '2024-07-10', '24415515', 'EVENING', 'H301'),
	(262, '2024-07-17', '24415515', 'EVENING', 'H301'),
	(263, '2024-07-24', '24415515', 'EVENING', 'H301'),
	(264, '2024-07-31', '24415515', 'EVENING', 'H301'),
	(265, '2024-05-30', '24419390', 'EVENING', 'H202'),
	(266, '2024-06-07', '24419390', 'EVENING', 'H202'),
	(267, '2024-06-14', '24419390', 'EVENING', 'H202'),
	(268, '2024-06-21', '24419390', 'EVENING', 'H202'),
	(269, '2024-06-28', '24419390', 'EVENING', 'H202'),
	(270, '2024-07-05', '24419390', 'EVENING', 'H202'),
	(271, '2024-07-12', '24419390', 'EVENING', 'H202'),
	(272, '2024-07-19', '24419390', 'EVENING', 'H202'),
	(273, '2024-07-26', '24419390', 'EVENING', 'H202'),
	(274, '2024-05-29', '24421121', 'EVENING', 'H301'),
	(275, '2024-06-05', '24421121', 'EVENING', 'H301'),
	(276, '2024-06-12', '24421121', 'EVENING', 'H301'),
	(277, '2024-06-19', '24421121', 'EVENING', 'H301'),
	(278, '2024-06-26', '24421121', 'EVENING', 'H301'),
	(279, '2024-07-03', '24421121', 'EVENING', 'H301'),
	(280, '2024-07-10', '24421121', 'EVENING', 'H301'),
	(281, '2024-07-17', '24421121', 'EVENING', 'H301'),
	(282, '2024-07-24', '24421121', 'EVENING', 'H301'),
	(283, '2024-07-31', '24421121', 'EVENING', 'H301'),
	(284, '2024-05-26', '24673710', 'EVENING', 'H402'),
	(285, '2024-06-02', '24673710', 'EVENING', 'H402'),
	(286, '2024-06-09', '24673710', 'EVENING', 'H402'),
	(287, '2024-06-16', '24673710', 'EVENING', 'H402'),
	(288, '2024-06-23', '24673710', 'EVENING', 'H402'),
	(289, '2024-06-30', '24673710', 'EVENING', 'H402'),
	(290, '2024-07-07', '24673710', 'EVENING', 'H402'),
	(291, '2024-07-14', '24673710', 'EVENING', 'H402'),
	(292, '2024-07-21', '24673710', 'EVENING', 'H402'),
	(293, '2024-07-28', '24673710', 'EVENING', 'H402'),
	(294, '2024-05-27', '24878245', 'MORNING', 'H402'),
	(295, '2024-06-03', '24878245', 'MORNING', 'H402'),
	(296, '2024-06-10', '24878245', 'MORNING', 'H402'),
	(297, '2024-06-17', '24878245', 'MORNING', 'H402'),
	(298, '2024-06-24', '24878245', 'MORNING', 'H402'),
	(299, '2024-07-01', '24878245', 'MORNING', 'H402'),
	(300, '2024-07-08', '24878245', 'MORNING', 'H402'),
	(301, '2024-07-15', '24878245', 'MORNING', 'H402'),
	(302, '2024-07-22', '24878245', 'MORNING', 'H402'),
	(303, '2024-07-29', '24878245', 'MORNING', 'H402'),
	(304, '2024-05-31', '25034259', 'EVENING', 'H302'),
	(305, '2024-06-07', '25034259', 'EVENING', 'H302'),
	(306, '2024-06-14', '25034259', 'EVENING', 'H302'),
	(307, '2024-06-21', '25034259', 'EVENING', 'H302'),
	(308, '2024-06-28', '25034259', 'EVENING', 'H302'),
	(309, '2024-07-05', '25034259', 'EVENING', 'H302'),
	(310, '2024-07-12', '25034259', 'EVENING', 'H302'),
	(311, '2024-07-19', '25034259', 'EVENING', 'H302'),
	(312, '2024-07-26', '25034259', 'EVENING', 'H302'),
	(313, '2024-05-30', '25075531', 'MORNING', 'H201'),
	(314, '2024-06-06', '25075531', 'MORNING', 'H201'),
	(315, '2024-06-13', '25075531', 'MORNING', 'H201'),
	(316, '2024-06-20', '25075531', 'MORNING', 'H201'),
	(317, '2024-06-27', '25075531', 'MORNING', 'H201'),
	(318, '2024-07-04', '25075531', 'MORNING', 'H201'),
	(319, '2024-07-11', '25075531', 'MORNING', 'H201'),
	(320, '2024-07-18', '25075531', 'MORNING', 'H201'),
	(321, '2024-07-25', '25075531', 'MORNING', 'H201'),
	(322, '2024-05-29', '25297644', 'AFTERNOON', 'H402'),
	(323, '2024-06-05', '25297644', 'AFTERNOON', 'H402'),
	(324, '2024-06-12', '25297644', 'AFTERNOON', 'H402'),
	(325, '2024-06-19', '25297644', 'AFTERNOON', 'H402'),
	(326, '2024-06-26', '25297644', 'AFTERNOON', 'H402'),
	(327, '2024-07-03', '25297644', 'AFTERNOON', 'H402'),
	(328, '2024-07-10', '25297644', 'AFTERNOON', 'H402'),
	(329, '2024-07-17', '25297644', 'AFTERNOON', 'H402'),
	(330, '2024-07-24', '25297644', 'AFTERNOON', 'H402'),
	(331, '2024-07-31', '25297644', 'AFTERNOON', 'H402'),
	(332, '2024-05-28', '25686003', 'EVENING', 'H401'),
	(333, '2024-06-04', '25686003', 'EVENING', 'H401'),
	(334, '2024-06-11', '25686003', 'EVENING', 'H401'),
	(335, '2024-06-18', '25686003', 'EVENING', 'H401'),
	(336, '2024-06-25', '25686003', 'EVENING', 'H401'),
	(337, '2024-07-02', '25686003', 'EVENING', 'H401'),
	(338, '2024-07-09', '25686003', 'EVENING', 'H401'),
	(339, '2024-07-16', '25686003', 'EVENING', 'H401'),
	(340, '2024-07-23', '25686003', 'EVENING', 'H401'),
	(341, '2024-07-30', '25686003', 'EVENING', 'H401'),
	(342, '2024-05-31', '25725554', 'MORNING', 'H302'),
	(343, '2024-06-07', '25725554', 'MORNING', 'H302'),
	(344, '2024-06-14', '25725554', 'MORNING', 'H302'),
	(345, '2024-06-21', '25725554', 'MORNING', 'H302'),
	(346, '2024-06-28', '25725554', 'MORNING', 'H302'),
	(347, '2024-07-05', '25725554', 'MORNING', 'H302'),
	(348, '2024-07-12', '25725554', 'MORNING', 'H302'),
	(349, '2024-07-19', '25725554', 'MORNING', 'H302'),
	(350, '2024-07-26', '25725554', 'MORNING', 'H302'),
	(351, '2024-05-26', '26116507', 'AFTERNOON', 'H301'),
	(352, '2024-06-02', '26116507', 'AFTERNOON', 'H301'),
	(353, '2024-06-09', '26116507', 'AFTERNOON', 'H301'),
	(354, '2024-06-16', '26116507', 'AFTERNOON', 'H301'),
	(355, '2024-06-23', '26116507', 'AFTERNOON', 'H301'),
	(356, '2024-06-30', '26116507', 'AFTERNOON', 'H301'),
	(357, '2024-07-07', '26116507', 'AFTERNOON', 'H301'),
	(358, '2024-07-14', '26116507', 'AFTERNOON', 'H301'),
	(359, '2024-07-21', '26116507', 'AFTERNOON', 'H301'),
	(360, '2024-07-28', '26116507', 'AFTERNOON', 'H301'),
	(361, '2024-05-28', '26268051', 'MORNING', 'H202'),
	(362, '2024-06-05', '26268051', 'MORNING', 'H202'),
	(363, '2024-06-12', '26268051', 'MORNING', 'H202'),
	(364, '2024-06-18', '26268051', 'MORNING', 'H202'),
	(365, '2024-06-26', '26268051', 'MORNING', 'H202'),
	(366, '2024-07-10', '26268051', 'MORNING', 'H202'),
	(367, '2024-07-16', '26268051', 'MORNING', 'H202'),
	(368, '2024-07-24', '26268051', 'MORNING', 'H202'),
	(369, '2024-07-30', '26268051', 'MORNING', 'H202'),
	(370, '2024-05-30', '26483341', 'AFTERNOON', 'H402'),
	(371, '2024-06-13', '26483341', 'AFTERNOON', 'H402'),
	(372, '2024-06-06', '26483341', 'AFTERNOON', 'H402'),
	(373, '2024-06-21', '26483341', 'AFTERNOON', 'H402'),
	(374, '2024-06-27', '26483341', 'AFTERNOON', 'H402'),
	(375, '2024-05-31', '26608084', 'EVENING', 'H301'),
	(376, '2024-06-06', '26608084', 'EVENING', 'H301'),
	(377, '2024-06-12', '26608084', 'EVENING', 'H301'),
	(378, '2024-06-18', '26608084', 'EVENING', 'H301'),
	(379, '2024-06-26', '26608084', 'EVENING', 'H301'),
	(380, '2024-06-30', '26608084', 'EVENING', 'H301'),
	(381, '2024-08-01', '26656727', 'AFTERNOON', 'H301'),
	(382, '2024-08-08', '26656727', 'AFTERNOON', 'H301'),
	(383, '2024-08-15', '26656727', 'AFTERNOON', 'H301'),
	(384, '2024-08-22', '26656727', 'AFTERNOON', 'H301'),
	(385, '2024-08-29', '26656727', 'AFTERNOON', 'H301'),
	(386, '2024-07-04', '26656727', 'AFTERNOON', 'H301'),
	(387, '2024-07-18', '26656727', 'AFTERNOON', 'H301'),
	(388, '2024-07-12', '26656727', 'AFTERNOON', 'H301'),
	(389, '2024-07-02', '26714507', 'EVENING', 'H401'),
	(390, '2024-07-15', '26714507', 'EVENING', 'H401'),
	(391, '2024-07-07', '26714507', 'EVENING', 'H401'),
	(392, '2024-07-26', '26714507', 'EVENING', 'H401'),
	(393, '2024-07-18', '26714507', 'EVENING', 'H401'),
	(394, '2024-08-07', '26752254', 'EVENING', 'H402'),
	(395, '2024-08-13', '26752254', 'EVENING', 'H402'),
	(396, '2024-08-21', '26752254', 'EVENING', 'H402'),
	(397, '2024-08-27', '26752254', 'EVENING', 'H402'),
	(398, '2024-08-30', '26752254', 'EVENING', 'H402'),
	(399, '2024-08-23', '26752254', 'EVENING', 'H402'),
	(400, '2024-08-16', '26752254', 'EVENING', 'H402'),
	(401, '2024-08-16', '26840714', 'AFTERNOON', 'H401'),
	(402, '2024-08-23', '26840714', 'AFTERNOON', 'H401'),
	(403, '2024-08-08', '26840714', 'AFTERNOON', 'H401'),
	(404, '2024-08-13', '26840714', 'AFTERNOON', 'H401'),
	(405, '2024-08-21', '26840714', 'AFTERNOON', 'H401'),
	(406, '2024-08-18', '26840714', 'AFTERNOON', 'H401'),
	(407, '2024-08-31', '26840714', 'AFTERNOON', 'H401'),
	(408, '2024-08-31', '27139533', 'AFTERNOON', 'H302'),
	(409, '2024-08-28', '27139533', 'AFTERNOON', 'H302'),
	(410, '2024-08-25', '27139533', 'AFTERNOON', 'H302'),
	(411, '2024-08-22', '27139533', 'AFTERNOON', 'H302'),
	(412, '2024-08-19', '27139533', 'AFTERNOON', 'H302'),
	(413, '2024-08-15', '27139533', 'AFTERNOON', 'H302'),
	(414, '2024-08-12', '27139533', 'AFTERNOON', 'H302'),
	(415, '2024-08-04', '27337463', 'EVENING', 'H301'),
	(416, '2024-08-07', '27337463', 'EVENING', 'H301'),
	(417, '2024-08-10', '27337463', 'EVENING', 'H301'),
	(418, '2024-08-12', '27337463', 'EVENING', 'H301'),
	(419, '2024-08-15', '27337463', 'EVENING', 'H301'),
	(420, '2024-08-17', '27337463', 'EVENING', 'H301'),
	(421, '2024-08-19', '27337463', 'EVENING', 'H301'),
	(422, '2024-08-22', '27337463', 'EVENING', 'H301'),
	(423, '2024-08-26', '27337463', 'EVENING', 'H301'),
	(424, '2024-08-29', '27337463', 'EVENING', 'H301'),
	(425, '2024-08-29', '28272518', 'EVENING', 'H201'),
	(426, '2024-08-07', '28272518', 'EVENING', 'H201'),
	(427, '2024-08-09', '28272518', 'EVENING', 'H201'),
	(428, '2024-08-20', '28272518', 'EVENING', 'H201'),
	(429, '2024-08-04', '28272518', 'EVENING', 'H201'),
	(430, '2024-08-24', '28272518', 'EVENING', 'H201'),
	(431, '2024-08-22', '28272518', 'EVENING', 'H201'),
	(432, '2024-08-18', '28272518', 'EVENING', 'H201'),
	(433, '2024-07-08', '28577190', 'AFTERNOON', 'H302'),
	(434, '2024-07-04', '28577190', 'AFTERNOON', 'H302'),
	(435, '2024-07-12', '28577190', 'AFTERNOON', 'H302'),
	(436, '2024-07-23', '28577190', 'AFTERNOON', 'H302'),
	(437, '2024-07-26', '28577190', 'AFTERNOON', 'H302'),
	(438, '2024-07-17', '28577190', 'AFTERNOON', 'H302'),
	(439, '2024-07-28', '28577190', 'AFTERNOON', 'H302'),
	(440, '2024-07-05', '28587166', 'AFTERNOON', 'H301'),
	(441, '2024-07-08', '28587166', 'AFTERNOON', 'H301'),
	(442, '2024-07-11', '28587166', 'AFTERNOON', 'H301'),
	(443, '2024-07-13', '28587166', 'AFTERNOON', 'H301'),
	(444, '2024-07-15', '28587166', 'AFTERNOON', 'H301'),
	(445, '2024-07-17', '28587166', 'AFTERNOON', 'H301'),
	(446, '2024-07-19', '28587166', 'AFTERNOON', 'H301'),
	(447, '2024-07-22', '28587166', 'AFTERNOON', 'H301'),
	(448, '2024-07-25', '28587166', 'AFTERNOON', 'H301'),
	(449, '2024-07-30', '28587166', 'AFTERNOON', 'H301'),
	(450, '2024-08-01', '28728535', 'MORNING', 'H201'),
	(451, '2024-08-03', '28728535', 'MORNING', 'H201'),
	(452, '2024-08-04', '28728535', 'MORNING', 'H201'),
	(453, '2024-08-06', '28728535', 'MORNING', 'H201'),
	(454, '2024-08-14', '28728535', 'MORNING', 'H201'),
	(455, '2024-08-08', '28728535', 'MORNING', 'H201'),
	(456, '2024-08-10', '28728535', 'MORNING', 'H201'),
	(457, '2024-08-10', '28729848', 'MORNING', 'H202'),
	(458, '2024-08-11', '28729848', 'MORNING', 'H202'),
	(459, '2024-08-12', '28729848', 'MORNING', 'H202'),
	(460, '2024-08-07', '28729848', 'MORNING', 'H202'),
	(461, '2024-08-16', '28729848', 'MORNING', 'H202'),
	(462, '2024-08-19', '28729848', 'MORNING', 'H202'),
	(463, '2024-08-23', '28729848', 'MORNING', 'H202'),
	(464, '2024-08-26', '28729848', 'MORNING', 'H202'),
	(465, '2024-08-26', '29004125', 'MORNING', 'H301'),
	(466, '2024-08-01', '29004125', 'MORNING', 'H301'),
	(467, '2024-08-02', '29004125', 'MORNING', 'H301'),
	(468, '2024-08-03', '29004125', 'MORNING', 'H301'),
	(469, '2024-08-04', '29004125', 'MORNING', 'H301'),
	(470, '2024-08-05', '29004125', 'MORNING', 'H301'),
	(471, '2024-08-05', '29349032', 'MORNING', 'H301'),
	(472, '2024-08-06', '29349032', 'MORNING', 'H301'),
	(473, '2024-08-07', '29349032', 'MORNING', 'H301'),
	(474, '2024-08-08', '29349032', 'MORNING', 'H301'),
	(475, '2024-08-09', '29349032', 'MORNING', 'H301'),
	(476, '2024-08-10', '29349032', 'MORNING', 'H301'),
	(477, '2024-08-31', '29597780', 'MORNING', 'H302'),
	(478, '2024-08-30', '29597780', 'MORNING', 'H302'),
	(479, '2024-08-29', '29597780', 'MORNING', 'H302'),
	(480, '2024-08-28', '29597780', 'MORNING', 'H302'),
	(481, '2024-08-27', '29597780', 'MORNING', 'H302'),
	(482, '2024-08-26', '29597780', 'MORNING', 'H302'),
	(483, '2024-08-25', '29597780', 'MORNING', 'H302'),
	(484, '2024-08-25', '29643855', 'MORNING', 'H401'),
	(485, '2024-08-26', '29643855', 'MORNING', 'H401'),
	(486, '2024-08-27', '29643855', 'MORNING', 'H401'),
	(487, '2024-08-28', '29643855', 'MORNING', 'H401'),
	(488, '2024-08-29', '29643855', 'MORNING', 'H401'),
	(489, '2024-08-30', '29643855', 'MORNING', 'H401'),
	(490, '2024-08-31', '29643855', 'MORNING', 'H401'),
	(491, '2024-08-18', '29715729', 'MORNING', 'H401'),
	(492, '2024-08-19', '29715729', 'MORNING', 'H401'),
	(493, '2024-08-20', '29715729', 'MORNING', 'H401'),
	(494, '2024-08-21', '29715729', 'MORNING', 'H401'),
	(495, '2024-08-22', '29715729', 'MORNING', 'H401'),
	(496, '2024-08-23', '29715729', 'MORNING', 'H401'),
	(497, '2024-08-24', '29715729', 'MORNING', 'H401'),
	(498, '2024-08-18', '29741757', 'MORNING', 'H401'),
	(499, '2024-08-19', '29741757', 'MORNING', 'H401'),
	(500, '2024-08-20', '29741757', 'MORNING', 'H401'),
	(501, '2024-08-21', '29741757', 'MORNING', 'H401'),
	(502, '2024-08-22', '29741757', 'MORNING', 'H401'),
	(503, '2024-08-23', '29741757', 'MORNING', 'H401'),
	(504, '2024-08-24', '29741757', 'MORNING', 'H401'),
	(505, '2024-08-11', '29764642', 'MORNING', 'H402'),
	(506, '2024-08-13', '29764642', 'MORNING', 'H402'),
	(507, '2024-08-15', '29764642', 'MORNING', 'H402'),
	(508, '2024-08-18', '29764642', 'MORNING', 'H402'),
	(509, '2024-08-20', '29764642', 'MORNING', 'H402'),
	(510, '2024-08-22', '29764642', 'MORNING', 'H402'),
	(511, '2024-08-21', '29846888', 'MORNING', 'H402'),
	(512, '2024-08-19', '29846888', 'MORNING', 'H402'),
	(513, '2024-08-17', '29846888', 'MORNING', 'H402'),
	(514, '2024-08-15', '29846888', 'MORNING', 'H402'),
	(515, '2024-08-13', '29846888', 'MORNING', 'H402'),
	(516, '2024-08-10', '29846888', 'MORNING', 'H402'),
	(517, '2024-08-05', '29918572', 'EVENING', 'H402'),
	(518, '2024-08-13', '29918572', 'EVENING', 'H402'),
	(519, '2024-08-21', '29918572', 'EVENING', 'H402'),
	(520, '2024-08-29', '29918572', 'EVENING', 'H402'),
	(521, '2024-08-09', '29918572', 'EVENING', 'H402'),
	(522, '2024-08-14', '29918572', 'EVENING', 'H402');

-- Dumping structure for table course_register_management.semesters
CREATE TABLE IF NOT EXISTS `semesters` (
  `end_date` date DEFAULT NULL,
  `id` int(11) NOT NULL AUTO_INCREMENT,
  `start_date` date DEFAULT NULL,
  `name` varchar(255) DEFAULT NULL,
  PRIMARY KEY (`id`)
) ENGINE=InnoDB AUTO_INCREMENT=4 DEFAULT CHARSET=latin1 COLLATE=latin1_swedish_ci;

-- Dumping data for table course_register_management.semesters: ~3 rows (approximately)
INSERT INTO `semesters` (`end_date`, `id`, `start_date`, `name`) VALUES
	('2023-12-20', 1, '2023-09-01', 'HK1_2023-2024'),
	('2024-05-26', 2, '2023-12-26', 'HK2_2023-2024'),
	('2023-07-26', 3, '2024-06-01', 'HK3_2023-2024');

-- Dumping structure for table course_register_management.students
CREATE TABLE IF NOT EXISTS `students` (
  `date_of_birth` date DEFAULT NULL,
  `department_id` varchar(255) NOT NULL,
  `email` varchar(255) DEFAULT NULL,
  `full_name` varchar(255) CHARACTER SET utf8mb3 COLLATE utf8mb3_general_ci DEFAULT NULL,
  `id` varchar(255) NOT NULL,
  `password` varchar(255) DEFAULT NULL,
  `phone` varchar(255) DEFAULT NULL,
  `username` varchar(255) DEFAULT NULL,
  `gender` enum('MALE','FEMALE') DEFAULT NULL,
  PRIMARY KEY (`id`),
  KEY `FKalgc33nsolpmegw14o3h6g6rr` (`department_id`),
  CONSTRAINT `FKalgc33nsolpmegw14o3h6g6rr` FOREIGN KEY (`department_id`) REFERENCES `departments` (`id`)
) ENGINE=InnoDB DEFAULT CHARSET=latin1 COLLATE=latin1_swedish_ci;

-- Dumping data for table course_register_management.students: ~5 rows (approximately)
INSERT INTO `students` (`date_of_birth`, `department_id`, `email`, `full_name`, `id`, `password`, `phone`, `username`, `gender`) VALUES
	('2003-05-12', '1', 'quangnguyen@gmail.com', 'Nguyễn Hồ Đăng Quang', '21212328', 'MjEyMTIzMjg=', '0957680823', '21212328', 'MALE'),
	('2002-05-01', '1', 'giahuytran@gmail.com', 'Trần Gia Huy', '23016675', 'MjMwMTY2NzU=', '0902456712', '23016675', 'MALE'),
	('2003-05-06', '1', 'dochituong@gmail.com', 'Đỗ Chí Tường', '23317079', 'MjMzMTcwNzk=', '0327568929', '23317079', 'MALE'),
	('2003-10-19', '1', 'hoanglearning19@gmail.com', 'Nguyễn Huy Hoàng', '27205010', 'MjcyMDUwMTA=', '0367812993', '27205010', 'MALE'),
	('2000-05-06', '1', 'hoangngocnguyen2021@gmail.com', 'Nguyễn Thị Mai', '27547151', 'Mjc1NDcxNTE=', '0327194438', '27547151', 'FEMALE');

/*!40103 SET TIME_ZONE=IFNULL(@OLD_TIME_ZONE, 'system') */;
/*!40101 SET SQL_MODE=IFNULL(@OLD_SQL_MODE, '') */;
/*!40014 SET FOREIGN_KEY_CHECKS=IFNULL(@OLD_FOREIGN_KEY_CHECKS, 1) */;
/*!40101 SET CHARACTER_SET_CLIENT=@OLD_CHARACTER_SET_CLIENT */;
/*!40111 SET SQL_NOTES=IFNULL(@OLD_SQL_NOTES, 1) */;
